antecedent,consequent,support,confidence,lift
['36'],['9'],0.2753090544604076,0.4385311335816924,1.0119689150424096
['9'],['36'],0.2753090544604076,0.6353122590593677,1.0119689150424096
['43'],['38'],0.31473438022051453,0.785,1.037309050772627
['38'],['43'],0.31473438022051453,0.41589403973509936,1.037309050772627
['39'],['9'],0.20447711326428333,0.45132743362831856,1.0414980792980397
['9'],['39'],0.20447711326428333,0.471858134155744,1.0414980792980397
['48'],['9'],0.2362178416304711,0.4452141057934509,1.027390762251194
['9'],['48'],0.2362178416304711,0.5451040863531226,1.027390762251194
['36'],['21'],0.21516872702973605,0.3427354976051091,1.0855104172826364
['21'],['36'],0.21516872702973605,0.6814814814814815,1.0855104172826366
['28'],['38'],0.3792181757434013,0.7758031442241968,1.0251562077982435
['38'],['28'],0.3792181757434013,0.5011037527593819,1.0251562077982435
['14'],['8'],0.20514533912462413,0.5190194420963652,1.04326742121855
['8'],['14'],0.20514533912462413,0.41235728676964406,1.04326742121855
['21'],['38'],0.24858002004677582,0.7873015873015873,1.040350397701391
['38'],['21'],0.24858002004677582,0.32847682119205296,1.040350397701391
['47'],['28'],0.22753090544604077,0.5104947526236882,1.0443682806580306
['28'],['47'],0.22753090544604077,0.4654818865345181,1.0443682806580306
['36'],['11'],0.34146341463414637,0.543906333155934,1.042864609311794
['11'],['36'],0.34146341463414637,0.6547085201793722,1.0428646093117941
['17'],['36'],0.2943534914801203,0.6425966447848286,1.023571983949437
['36'],['17'],0.2943534914801203,0.46886641830761044,1.023571983949437
['28'],"['38', '11']",0.20748412963581692,0.4244702665755297,1.0421981196559151
"['38', '11']",['28'],0.20748412963581692,0.5094339622641509,1.0421981196559151
"['38', '28']",['11'],0.20748412963581692,0.547136563876652,1.0490581266385774
['11'],"['38', '28']",0.20748412963581692,0.39782190903267134,1.0490581266385774
['38'],"['28', '11']",0.20748412963581692,0.27417218543046357,1.0480170510771105
"['28', '11']",['38'],0.20748412963581692,0.7931034482758621,1.0480170510771105
['47'],['48'],0.24089542265285666,0.54047976011994,1.0186750138784513
['48'],['47'],0.24089542265285666,0.4540302267002519,1.0186750138784513
['14'],['11'],0.2094888072168393,0.5300084530853761,1.0162173607203913
['11'],['14'],0.2094888072168393,0.401665598975016,1.0162173607203913
['36'],"['38', '43']",0.21583695289007684,0.34379989356040447,1.0923493433400113
['43'],"['38', '36']",0.21583695289007684,0.5383333333333333,1.1096636822773187
"['43', '36']",['38'],0.21583695289007684,0.8034825870646766,1.0617321779622857
"['38', '43']",['36'],0.21583695289007684,0.6857749469214437,1.0923493433400113
"['38', '36']",['43'],0.21583695289007684,0.44490358126721763,1.1096636822773187
['38'],"['43', '36']",0.21583695289007684,0.28520971302428255,1.0617321779622857
['8'],"['38', '48']",0.21683929168058805,0.4358629952988583,1.0528958393296874
['48'],"['38', '8']",0.21683929168058805,0.4086901763224181,1.0608930596123134
"['38', '48']",['8'],0.21683929168058805,0.5238095238095238,1.0528958393296877
"['38', '8']",['48'],0.21683929168058805,0.5628794449262793,1.0608930596123136
"['8', '48']",['38'],0.21683929168058805,0.793398533007335,1.0484069798194056
['38'],"['8', '48']",0.21683929168058805,0.2865342163355408,1.0484069798194053
['3'],['8'],0.2465753424657534,0.5072164948453608,1.0195426253003121
['8'],['3'],0.2465753424657534,0.4956346541302888,1.0195426253003121
['48'],['35'],0.20748412963581692,0.3910579345088161,1.0582607576716876
['35'],['48'],0.20748412963581692,0.5614828209764918,1.0582607576716878
['36'],['3'],0.31239558970932174,0.4976051091005854,1.0235959392014105
['3'],['36'],0.31239558970932174,0.6426116838487973,1.0235959392014105
['17'],['40'],0.21216171065820247,0.46316557257476293,1.0133439756697848
['40'],['17'],0.21216171065820247,0.4641812865497076,1.0133439756697846
['36'],"['38', '39']",0.23387905111927831,0.37253858435337944,1.0578823367833632
"['38', '39']",['36'],0.23387905111927831,0.6641366223908919,1.0578823367833632
"['39', '36']",['38'],0.23387905111927831,0.7963594994311718,1.0523196387626919
"['38', '36']",['39'],0.23387905111927831,0.4820936639118457,1.0640902183540961
['38'],"['39', '36']",0.23387905111927831,0.3090507726269316,1.052319638762692
['39'],"['38', '36']",0.23387905111927831,0.5162241887905604,1.064090218354096
['36'],"['38', '40']",0.22819913130638156,0.3634912187333688,1.0321909086043386
"['40', '36']",['38'],0.22819913130638156,0.7787913340935005,1.029104840150926
['40'],"['38', '36']",0.22819913130638156,0.4992690058479532,1.0291405885006364
"['38', '36']",['40'],0.22819913130638156,0.4703856749311295,1.0291405885006364
"['38', '40']",['36'],0.22819913130638156,0.6480075901328273,1.0321909086043386
['38'],"['40', '36']",0.22819913130638156,0.30154525386313463,1.0291048401509257
['17'],['39'],0.21450050116939526,0.4682713347921225,1.0335811984017866
['39'],['17'],0.21450050116939526,0.47345132743362833,1.0335811984017869
['47'],['3'],0.2231874373538256,0.5007496251874063,1.0300643492686645
['3'],['47'],0.2231874373538256,0.45910652920962197,1.0300643492686645
['17'],['48'],0.2392248580020047,0.5222465353756383,0.9843097483496759
['48'],['17'],0.2392248580020047,0.4508816120906801,0.9843097483496759
['36'],"['38', '28']",0.2499164717674574,0.39808408728046835,1.0497494918329884
['28'],"['38', '36']",0.2499164717674574,0.5112781954887218,1.0538950682491353
"['28', '36']",['38'],0.2499164717674574,0.7824267782426778,1.0339087625961743
"['38', '28']",['36'],0.2499164717674574,0.6590308370044052,1.0497494918329884
"['38', '36']",['28'],0.2499164717674574,0.5151515151515151,1.0538950682491353
['38'],"['28', '36']",0.2499164717674574,0.33024282560706403,1.0339087625961743
['36'],['38'],0.4851319746074173,0.7727514635444386,1.0211236778757196
['38'],['36'],0.4851319746074173,0.6410596026490066,1.0211236778757196
['48'],['29'],0.21750751754092884,0.40994962216624686,1.0487001873022024
['29'],['48'],0.21750751754092884,0.5564102564102564,1.0487001873022026
['9'],['11'],0.23955897093217507,0.5528141865844256,1.0599441770962112
['11'],['9'],0.23955897093217507,0.45932094811018576,1.0599441770962112
['8'],['38'],0.38523220848646844,0.7743451981195433,1.0232296591486945
['38'],['8'],0.38523220848646844,0.5090507726269315,1.0232296591486945
['36'],['29'],0.2616104243234213,0.4167110164981373,1.0659966430589103
['29'],['36'],0.2616104243234213,0.6692307692307692,1.0659966430589103
['9'],['40'],0.20180420982292016,0.4656900539707016,1.0188672014139692
['40'],['9'],0.20180420982292016,0.4415204678362573,1.0188672014139692
['47'],['8'],0.22686267958569997,0.5089955022488756,1.0231185616056981
['8'],['47'],0.22686267958569997,0.45601074546675624,1.0231185616056984
"['38', '11']",['48'],0.22920147009689276,0.5627563576702215,1.060661069588774
['48'],"['38', '11']",0.22920147009689276,0.43198992443324935,1.060661069588774
"['38', '48']",['11'],0.22920147009689276,0.5536723163841808,1.0615895214207898
['11'],"['38', '48']",0.22920147009689276,0.43946188340807174,1.06158952142079
"['11', '48']",['38'],0.22920147009689276,0.7903225806451613,1.0443423769849747
['38'],"['11', '48']",0.22920147009689276,0.30286975717439296,1.044342376984975
['36'],"['47', '38']",0.22986969595723356,0.36615220862160724,1.0537438080812216
"['47', '38']",['36'],0.22986969595723356,0.6615384615384615,1.0537438080812216
['47'],"['38', '36']",0.22986969595723356,0.5157421289355323,1.0630965508981047
"['38', '36']",['47'],0.22986969595723356,0.4738292011019284,1.0630965508981047
['38'],"['47', '36']",0.22986969595723356,0.30375275938189844,1.0608308154375987
"['47', '36']",['38'],0.22986969595723356,0.8028004667444574,1.0608308154375987
['28'],"['38', '48']",0.21951219512195122,0.44907723855092274,1.0848169289611878
['48'],"['38', '28']",0.21951219512195122,0.413727959697733,1.0910024523130528
"['38', '48']",['28'],0.21951219512195122,0.5302663438256658,1.084816928961188
"['38', '28']",['48'],0.21951219512195122,0.5788546255506608,1.0910024523130528
"['28', '48']",['38'],0.21951219512195122,0.8131188118811881,1.0744656088125368
['38'],"['28', '48']",0.21951219512195122,0.2900662251655629,1.0744656088125368
['29'],['38'],0.30304042766455064,0.7752136752136752,1.0243772759004548
['38'],['29'],0.30304042766455064,0.40044150110375276,1.0243772759004548
['3'],['28'],0.2509188105579686,0.516151202749141,1.0559402254464654
['28'],['3'],0.2509188105579686,0.5133287764866712,1.0559402254464652
['36'],['8'],0.3217507517540929,0.5125066524747206,1.0301762329461643
['8'],['36'],0.3217507517540929,0.6467427803895232,1.0301762329461643
['11'],['35'],0.20380888740394254,0.39077514413837283,1.0574954849965188
['35'],['11'],0.20380888740394254,0.5515370705244123,1.0574954849965188
['48'],['11'],0.2900100233879051,0.5465994962216625,1.048028374241791
['11'],['48'],0.2900100233879051,0.5560538116591929,1.048028374241791
['17'],['8'],0.22953558302706314,0.5010940919037199,1.0072361430945826
['8'],['17'],0.22953558302706314,0.4613834788448623,1.0072361430945826
['9'],['38'],0.33277647844971603,0.7679259830377795,1.014747226151026
['38'],['9'],0.33277647844971603,0.43973509933774835,1.0147472261510262
['36'],"['38', '8']",0.25559639158035413,0.407131452900479,1.0568468677633422
['8'],"['38', '36']",0.25559639158035413,0.513767629281397,1.0590265250958824
"['8', '36']",['38'],0.25559639158035413,0.794392523364486,1.0497204514039322
"['38', '8']",['36'],0.25559639158035413,0.6634865568083261,1.0568468677633422
"['38', '36']",['8'],0.25559639158035413,0.5268595041322314,1.0590265250958821
['38'],"['8', '36']",0.25559639158035413,0.33774834437086093,1.0497204514039322
['3'],['43'],0.20180420982292016,0.41512027491408937,1.0353791523482245
['43'],['3'],0.20180420982292016,0.5033333333333333,1.0353791523482245
['17'],['11'],0.251252923488139,0.5485047410649161,1.0516814157638013
['11'],['17'],0.251252923488139,0.4817424727738629,1.0516814157638015
['3'],['38'],0.3758770464416973,0.7731958762886598,1.0217109305659864
['38'],['3'],0.3758770464416973,0.4966887417218543,1.0217109305659862
['28'],['29'],0.20013364517206816,0.4094326725905673,1.0473777684304
['29'],['28'],0.20013364517206816,0.5119658119658119,1.0473777684304
['11'],['29'],0.21216171065820247,0.4067905188981422,1.040618823130034
['29'],['11'],0.21216171065820247,0.5427350427350427,1.0406188231300337
['11'],['38'],0.40728366187771464,0.7809096732863549,1.0319040406825872
['38'],['11'],0.40728366187771464,0.5381898454746137,1.0319040406825872
['38'],['35'],0.28833945873705313,0.38101545253863134,1.0310843123400757
['35'],['38'],0.28833945873705313,0.7802893309222423,1.0310843123400757
['39'],['38'],0.35215502839959906,0.7772861356932154,1.0271158517129333
['38'],['39'],0.35215502839959906,0.4653421633554084,1.027115851712933
['17'],['9'],0.2088205813564985,0.45587162654996355,1.0519844088388906
['9'],['17'],0.2088205813564985,0.4818812644564379,1.0519844088388903
['40'],['38'],0.35215502839959906,0.77046783625731,1.0181060635400128
['38'],['40'],0.35215502839959906,0.4653421633554084,1.0181060635400128
['47'],['40'],0.20514533912462413,0.46026986506746626,1.0070085571249463
['40'],['47'],0.20514533912462413,0.44883040935672514,1.0070085571249463
['3'],['11'],0.27430671566989645,0.5642611683848797,1.0818921697475623
['11'],['3'],0.27430671566989645,0.5259449071108264,1.0818921697475625
['36'],['28'],0.3194119612429001,0.5087812666311868,1.0408628373391267
['28'],['36'],0.3194119612429001,0.6534518113465482,1.0408628373391267
['36'],"['38', '14']",0.20447711326428333,0.32570516232038316,1.0550168298970852
"['38', '14']",['36'],0.20447711326428333,0.6623376623376623,1.0550168298970855
"['38', '36']",['14'],0.20447711326428333,0.4214876033057851,1.066367199234332
"['14', '36']",['38'],0.20447711326428333,0.8073878627968337,1.066892659316081
['38'],"['14', '36']",0.20447711326428333,0.27019867549668874,1.066892659316081
['14'],"['38', '36']",0.20447711326428333,0.5173288250211328,1.0663671992343322
['43'],['48'],0.22552622786501839,0.5625,1.060177896725441
['48'],['43'],0.22552622786501839,0.4250629722921914,1.0601778967254407
['3'],['40'],0.22652856665552956,0.465979381443299,1.0195002110086213
['40'],['3'],0.22652856665552956,0.4956140350877193,1.019500211008621
"['38', '11']",['40'],0.20414300033411292,0.5012305168170632,1.096624953825636
['11'],"['38', '40']",0.20414300033411292,0.39141575912876364,1.1114870655335765
['40'],"['38', '11']",0.20414300033411292,0.4466374269005848,1.096624953825636
"['11', '40']",['38'],0.20414300033411292,0.8007863695937091,1.0581693616750425
"['38', '40']",['11'],0.20414300033411292,0.579696394686907,1.1114870655335762
['38'],"['11', '40']",0.20414300033411292,0.269757174392936,1.0581693616750425
['48'],"['3', '38']",0.20982292014700968,0.3954659949622166,1.052115309263924
"['38', '48']",['3'],0.20982292014700968,0.5068603712671509,1.0426344269433556
"['3', '48']",['38'],0.20982292014700968,0.7929292929292929,1.0477869199723504
"['3', '38']",['48'],0.20982292014700968,0.5582222222222222,1.052115309263924
['3'],"['38', '48']",0.20982292014700968,0.4316151202749141,1.0426344269433558
['38'],"['3', '48']",0.20982292014700968,0.2772626931567329,1.0477869199723504
['17'],['28'],0.22819913130638156,0.49817651349380015,1.0191676725132903
['28'],['17'],0.22819913130638156,0.46684894053315107,1.0191676725132905
['39'],['11'],0.2515870364183094,0.5553097345132744,1.0647290425357014
['11'],['39'],0.2515870364183094,0.4823830877642537,1.0647290425357017
['48'],['40'],0.24858002004677582,0.46851385390428213,1.0250452958592957
['40'],['48'],0.24858002004677582,0.543859649122807,1.0250452958592957
['36'],['43'],0.26862679585699967,0.4278871740287387,1.0672219265566791
['43'],['36'],0.26862679585699967,0.67,1.0672219265566791
['28'],['48'],0.26996324757768125,0.5522898154477102,1.0409341420875293
['48'],['28'],0.26996324757768125,0.5088161209068011,1.0409341420875295
['39'],['8'],0.24323421316404945,0.5368731563421829,1.0791547057972823
['8'],['39'],0.24323421316404945,0.4889187374076561,1.0791547057972823
['8'],['29'],0.20581356498496492,0.4137004701141706,1.058295305172404
['29'],['8'],0.20581356498496492,0.5264957264957265,1.058295305172404
['47'],['38'],0.3474774473772135,0.7796101949025487,1.0301868933083127
['38'],['47'],0.3474774473772135,0.45916114790286977,1.0301868933083127
['48'],['38'],0.41396592048112263,0.7802267002518891,1.0310015513703772
['38'],['48'],0.41396592048112263,0.5470198675496689,1.0310015513703774
['5'],['38'],0.20581356498496492,0.7807351077313055,1.0316733675230894
['38'],['5'],0.20581356498496492,0.27196467991169976,1.0316733675230891
['38'],['33'],0.2328767123287671,0.30772626931567326,1.0165835806421746
['33'],['38'],0.2328767123287671,0.7693156732891833,1.0165835806421746
['8'],['9'],0.22619445372535918,0.4546675621222297,1.0492058700322542
['9'],['8'],0.22619445372535918,0.5219737856592136,1.049205870032254
['17'],['38'],0.3575008352823254,0.7804522246535376,1.0312995622022243
['38'],['17'],0.3575008352823254,0.47240618101545256,1.0312995622022243
['17'],['47'],0.21316404944871367,0.4653537563822028,1.0440808042368313
['47'],['17'],0.21316404944871367,0.4782608695652174,1.0440808042368313
['28'],['43'],0.2078182425659873,0.42515379357484623,1.0604044201412623
['43'],['28'],0.2078182425659873,0.5183333333333333,1.0604044201412621
['36'],['35'],0.2499164717674574,0.39808408728046835,1.07727456892445
['35'],['36'],0.2499164717674574,0.6763110307414105,1.07727456892445
['3'],['48'],0.2646174406949549,0.5443298969072164,1.0259316004051
['48'],['3'],0.2646174406949549,0.4987405541561713,1.0259316004051002
"['38', '11']",['17'],0.20247243568326095,0.4971287940935193,1.0852709560334817
"['17', '11']",['38'],0.20247243568326095,0.8058510638297872,1.064861913484571
['11'],"['38', '17']",0.20247243568326095,0.38821268417680976,1.0859070689170016
['17'],"['38', '11']",0.20247243568326095,0.4420131291028446,1.0852709560334817
['38'],"['17', '11']",0.20247243568326095,0.2675496688741722,1.064861913484571
"['38', '17']",['11'],0.20247243568326095,0.5663551401869159,1.0859070689170014
['23'],['38'],0.22519211493484798,0.8023809523809524,1.0602764637863977
['38'],['23'],0.22519211493484798,0.2975717439293598,1.0602764637863975
['43'],['11'],0.21483461409956564,0.5358333333333334,1.0273857569933804
['11'],['43'],0.21483461409956564,0.4119154388212684,1.0273857569933804
"['38', '11']",['3'],0.21850985633144002,0.5365053322395406,1.1036154360088968
"['3', '11']",['38'],0.21850985633144002,0.7965895249695494,1.0526235974542435
['11'],"['3', '38']",0.21850985633144002,0.4189622037155669,1.1146256673072816
"['3', '38']",['11'],0.21850985633144002,0.5813333333333334,1.1146256673072816
['3'],"['38', '11']",0.21850985633144002,0.44948453608247424,1.103615436008897
['38'],"['3', '11']",0.21850985633144002,0.28874172185430463,1.0526235974542433
['36'],"['38', '11']",0.2692950217173405,0.42895156998403405,1.0532010245793388
"['38', '11']",['36'],0.2692950217173405,0.6611977030352748,1.0532010245793388
['11'],"['38', '36']",0.2692950217173405,0.5163356822549647,1.064320039248698
"['38', '36']",['11'],0.2692950217173405,0.5550964187327824,1.064320039248698
['38'],"['11', '36']",0.2692950217173405,0.3558498896247241,1.0421318196152634
"['11', '36']",['38'],0.2692950217173405,0.7886497064579256,1.0421318196152634
['28'],['40'],0.22819913130638156,0.46684894053315107,1.0214026893389776
['40'],['28'],0.22819913130638156,0.4992690058479532,1.0214026893389774
['39'],['48'],0.2482459071166054,0.5479351032448377,1.03272655164471
['48'],['39'],0.2482459071166054,0.46788413098236775,1.03272655164471
['11'],['40'],0.25492816572001337,0.48878923766816146,1.0694051084362626
['40'],['11'],0.25492816572001337,0.5577485380116959,1.0694051084362624
['8'],['48'],0.27330437687938525,0.5493619879113499,1.0354158877951325
['48'],['8'],0.27330437687938525,0.5151133501259446,1.0354158877951325
['39'],['28'],0.23154026060808552,0.5110619469026548,1.0455286446204004
['28'],['39'],0.23154026060808552,0.47368421052631576,1.0455286446204006
['28'],"['3', '38']",0.20046775810223855,0.4101161995898838,1.0910913647755753
"['3', '28']",['38'],0.20046775810223855,0.7989347536617842,1.0557226126753732
"['38', '28']",['3'],0.20046775810223855,0.5286343612334802,1.0874244970252964
"['3', '38']",['28'],0.20046775810223855,0.5333333333333333,1.0910913647755753
['3'],"['38', '28']",0.20046775810223855,0.41237113402061853,1.0874244970252962
['38'],"['3', '28']",0.20046775810223855,0.26490066225165565,1.0557226126753732
['36'],['14'],0.2532576010691614,0.4034060670569452,1.0206207596799974
['14'],['36'],0.2532576010691614,0.6407438715131023,1.0206207596799974
['36'],"['38', '17']",0.23488138990978952,0.37413517828632253,1.0465295220663209
"['38', '36']",['17'],0.23488138990978952,0.48415977961432505,1.0569585852557803
['17'],"['38', '36']",0.23488138990978952,0.512764405543399,1.0569585852557803
['38'],"['17', '36']",0.23488138990978952,0.31037527593818987,1.0544304209795712
"['17', '36']",['38'],0.23488138990978952,0.7979568671963677,1.0544304209795712
"['38', '17']",['36'],0.23488138990978952,0.6570093457943925,1.0465295220663209
['28'],['11'],0.2616104243234213,0.5352016404647983,1.0261745739341073
['11'],['28'],0.2616104243234213,0.5016015374759769,1.0261745739341073
['36'],"['38', '29']",0.2078182425659873,0.33102714209686,1.0923530719910717
"['38', '29']",['36'],0.2078182425659873,0.6857772877618522,1.0923530719910717
"['38', '36']",['29'],0.2078182425659873,0.4283746556473829,1.0958336276518095
"['29', '36']",['38'],0.2078182425659873,0.7943805874840357,1.049704679178684
['38'],"['29', '36']",0.2078182425659873,0.27461368653421636,1.0497046791786842
['29'],"['38', '36']",0.2078182425659873,0.5316239316239316,1.0958336276518095
['14'],['38'],0.30872034747744737,0.7810650887573964,1.0321094086758886
['38'],['14'],0.30872034747744737,0.40794701986754967,1.0321094086758884
['47'],['9'],0.20982292014700968,0.4707646176911544,1.0863519666535275
['9'],['47'],0.20982292014700968,0.48419429452582885,1.0863519666535275
['36'],"['9', '38']",0.21516872702973605,0.3427354976051091,1.0299270525422604
"['9', '36']",['38'],0.21516872702973605,0.7815533980582524,1.0327546668381233
"['38', '36']",['9'],0.21516872702973605,0.44352617079889806,1.0234956277572105
['9'],"['38', '36']",0.21516872702973605,0.49653045489591363,1.0234956277572105
['38'],"['9', '36']",0.21516872702973605,0.284326710816777,1.0327546668381233
"['9', '38']",['36'],0.21516872702973605,0.6465863453815262,1.0299270525422608
['28'],['9'],0.21951219512195122,0.44907723855092274,1.0363054548827384
['9'],['28'],0.21951219512195122,0.5065535851966075,1.0363054548827384
['36'],['39'],0.2936852656197795,0.46780202235231505,1.0325453192481409
['39'],['36'],0.2936852656197795,0.6482300884955752,1.0325453192481409
['43'],['8'],0.20147009689274975,0.5025,1.0100621222296842
['8'],['43'],0.20147009689274975,0.4049697783747482,1.0100621222296844
['39'],['3'],0.2221850985633144,0.49041297935103245,1.0088014070086873
['3'],['39'],0.2221850985633144,0.4570446735395189,1.0088014070086873
['14'],['28'],0.20481122619445372,0.518174133558749,1.0600787298300312
['28'],['14'],0.20481122619445372,0.41900205058099793,1.0600787298300312
['36'],['48'],0.3357834948212496,0.5348589675359233,1.008081164883513
['48'],['36'],0.3357834948212496,0.6328715365239295,1.008081164883513
['36'],"['3', '38']",0.24757768125626461,0.3943587014369345,1.0491694163562177
"['3', '36']",['38'],0.24757768125626461,0.7925133689839572,1.0472373127456882
"['38', '36']",['3'],0.24757768125626461,0.5103305785123967,1.049772798273267
"['3', '38']",['36'],0.24757768125626461,0.6586666666666666,1.0491694163562177
['3'],"['38', '36']",0.24757768125626461,0.5092783505154639,1.0497727982732667
['38'],"['3', '36']",0.24757768125626461,0.3271523178807947,1.0472373127456882
['47'],['11'],0.2378884062813231,0.5337331334332833,1.023358916313784
['11'],['47'],0.2378884062813231,0.4561178731582319,1.0233589163137842
['14'],['48'],0.21951219512195122,0.555367709213863,1.0467352353130304
['48'],['14'],0.21951219512195122,0.413727959697733,1.0467352353130304
['17'],['3'],0.22986969595723356,0.5018234865061999,1.0322733299746092
['3'],['17'],0.22986969595723356,0.47285223367697593,1.032273329974609
['8'],"['38', '11']",0.22051453391246242,0.4432505036937542,1.0883090710052554
"['38', '11']",['8'],0.22051453391246242,0.5414273995077933,1.0883090710052554
"['38', '8']",['11'],0.22051453391246242,0.572419774501301,1.0975351602065302
['11'],"['38', '8']",0.22051453391246242,0.4228058936579116,1.0975351602065302
['38'],"['8', '11']",0.22051453391246242,0.2913907284768212,1.0482361181864495
"['8', '11']",['38'],0.22051453391246242,0.7932692307692307,1.0482361181864492
['39'],['47'],0.20247243568326095,0.4469026548672566,1.002683392816866
['47'],['39'],0.20247243568326095,0.4542728635682159,1.002683392816866
['36'],['40'],0.2930170397594387,0.4667376263970197,1.0211591489811989
['40'],['36'],0.2930170397594387,0.6410818713450293,1.0211591489811989
['8'],['40'],0.24858002004677582,0.49966420416386836,1.0931980724140775
['40'],['8'],0.24858002004677582,0.543859649122807,1.0931980724140775
['36'],"['38', '48']",0.26762445706648846,0.4262905800957956,1.0297721599892786
['48'],"['38', '36']",0.26762445706648846,0.5044080604534005,1.0397336948602118
"['38', '48']",['36'],0.26762445706648846,0.6464891041162227,1.0297721599892788
"['38', '36']",['48'],0.26762445706648846,0.5516528925619835,1.039733694860212
"['48', '36']",['38'],0.26762445706648846,0.7970149253731343,1.0531857269941682
['38'],"['48', '36']",0.26762445706648846,0.3536423841059603,1.0531857269941682
['28'],['8'],0.2499164717674574,0.5112781954887218,1.0277069436519437
['8'],['28'],0.2499164717674574,0.5023505708529215,1.027706943651944
['8'],['11'],0.27798195790177077,0.5587642713230356,1.0713526355348146
['11'],['8'],0.27798195790177077,0.5329916720051249,1.0713526355348144
['39'],['40'],0.21784163047109922,0.4808259587020649,1.0519825251427488
['40'],['39'],0.21784163047109922,0.4766081871345029,1.0519825251427488
['36'],['47'],0.2863347811560307,0.456093666844066,1.0233046063450446
['47'],['36'],0.2863347811560307,0.6424287856071964,1.0233046063450446
['3'],['9'],0.2191780821917808,0.45085910652920963,1.0404173522297027
['9'],['3'],0.2191780821917808,0.5057825751734772,1.0404173522297027
